0y64910m,Burndi
0zn2v68z,nasa 109
1zx369ez,Burndi
7ylv1orm,Brain901
8yv688zo,Schnakos
9merloqz,Burndi
dy4k7w2m,Binski
dy4n1xdm,Ezakt
emkr37vz,indomit
m3185egz,Burndi
m35203gy,FlibidyDibidy
m37gnoqz,LeKukie
m37w184z,Burndi
m37xx74z,indomit
m3d1l1qz,indomit
m3dno36z,Jeffitus
m3g3xwgz,LeKukie
m3kdgedy,Porkchop7
m3n7xwdy,Brain901
m3n97nqy,108Pi
m3onn6dm,nasa 109
m3qp694y,Porkchop7
m3qxg5wy,Burndi
m3rlo1dm,Schnakos
m3rnlk4m,Burndi
m3rq3jgm,indomit
m3xgje4m,Porkchop7
m3xp584m,Porkchop7
m3xvr14m,Porkchop7
m7044ney,daserbyte
m70krdwy,Burndi
m75jwg9z,bruhmoment
m779089m,Giffi
m779nnwm,Schnakos
m77dxw0m,Vireth
m77q795m,flix8k
m78od40z,FlibidyDibidy
m78wrjez,Burndi
m79q7j5y,Burndi
m79vk4wy,Omar
m7d6ep5m,Vireth
m7g58v5m,Echon and Schnakos
m7gvo10m,Burndi
m7pnv64m,nasa 109
m7w2nq5z,Porkchop7
me175k3y,Giffi
me1xno0y,Burndi
me349l0z,Burndi
me63099z,FlibidyDibidy
me6jk42z,Burndi
me74e52y,Tonmaii
me77noqy,Schnakos
me7lpj9y,indomit
me86j30m,Burndi
me95909z,Burndi
me9g1q9z,Burndi
me9q919z,Scalpel
meeql89m,tree3798
meev9x2m,Burndi
mek0j62m,Vireth
mekk80qm,SoapAgent
mk01g0lz,Schnakos
mk0e0w1z,Brain901
mk40255y,Vireth
mk4kvr3y,Burndi
mk5w8q5m,FlibidyDibidy
mk7rn95y,Miniland
mk87nq5m,LeKukie
mk8wnj3m,Milenakos
mk9q705z,Vireth
mkgx3w1y,FlibidyDibidy
mkgxj6ly,Sluggy
mkv87lly,Brain901
mkvg60ly,Burndi
mkvwqpxy,Burndi
mr1jp82z,periwinkle
mr445n4z,Vireth
mr65gvdm,Porkchop7
mr7jw9dz,Vireth
mr87rp7y,Vireth
mr8rx34y,Nerphblaster
mr8wwl8y,Brain901
mrkwogdy,Mega Math
mrl0xodm,Brain901
mrl9pv8m,Burndi
mrlwkr4m,Porkchop7
mrng3g4y,Burndi
mrnowggy,Pretzel
mrod6ngm,simplistic6502
mrqx1pgy,nasa 109
pyd4rdwy,Powercube
y21or46z,Pretzel
y21qe47z,FlibidyDibidy
y253x67y,Schnakos
y25nx49y,Vireth
y270o15z,Scalpel
y271dj9z,nasa 109
y272697z,Nebula
y2749g9z,Burndi
y2773e7z,Vireth
y27ll87z,WoskiBoy
y2e3n4wy,.happyplays
y2jwl57z,Burndi
y2k9vkwy,Niftski
y2kq5o5y,108Pi
y2pow4wz,Porkchop7
y2pq037z,Burndi
y2qxp8jy,Porkchop7
y2vn63wz,Aurel
y2vv9p7z,Burndi
y2x901jm,Vireth
y2xg1r6m,Vireth
y2xk7gjm,FlibidyDibidy
y2xr69wm,Burndi
y2xvnq7m,Vireth
y2xx486m,Mega Math
y4199q3y,FlibidyDibidy
y41l7qqy,FlibidyDibidy
y41r50ny,Vireth
y41rjgny,Vireth
y431k6dz,Brain901
y431v7qz,Vireth
y43onj2z,nasa 109
y47le82y,jdaster64
y47w40ky,Porkchop7
y47w49dy,gaster
y48835nm,Porkchop7
y4eprqnm,Vireth
y4gq4e3y,belowaverageplayer
y4ojneqz,.happyplays
y4q61pdm,Burndi
y4qgwvkm,Porkchop7
y4r0w8kz,Brain901
y4rv722z,indomit
y4wrg1km,Brain901
y4x806kz,Vireth
y6240o0z,Burndi
y62e9dpz,Schnakos
y62kgnpz,Schnakos
y65wn8pz,Schnakos
y66rp5py,Vireth
y670ogqm,Somon
y67lpwjm,Pretzel
y692ej6y,Burndi
y69j636y,Schnakos
y69kpk0y,Burndi
y69prj6y,Porkchop7
y69v6lpy,Porkchop7
y6l1p3jy,JeremyMKW
y6l8970y,Porkchop7
y6lo3njy,Burndi
y6n48wqz,Porkchop7
y6n9p20z,Burndi
y6ol52py,Burndi
y6olo50y,.happyplays
y6opgjqy,Burndi
y6q3jnpz,Porkchop7
y6q5r9jz,Porkchop7
y806l51m,Burndi
y81o4wxz,slither
y827j1xy,Porkchop7
y82golny,Cook I.T!
y86odr1m,salmon
y86pjkdm,TheMightyGiantDad
y88glvny,Nebula
y89dr6wm,Burndi
y89wd8wm,Giffi
y89wj2dm,SMBistic
y89xogxm,KATISTROFIC
y8d5l15z,FlibidyDibidy
y8dn781z,Milenakos
y8el3ldy,Burndi
y8eqon5y,Cook I.T!
y8jn611z,Porkchop7
y8jwekwz,Burndi
y8rg611m,nasa 109
y8vlowwz,108Pi
y8vx7g1z,Burndi
y908r4ry,Burndi
y930xxvy,Burndi
y931o1ky,Gabri
y93wwkey,Miniland
y93xg32y,Vireth
y96gr3ny,Burndi
y97527km,indomit
y98kvxkz,Porkchop7
y98qlwnz,EbbDrop
y99d452y,Burndi
y9k25vnz,LiamTrader
y9lwvk2y,Burndi
y9njkrnz,Vireth
y9v386vm,Schnakos and Nebula
yd32prwz,LeKukie
yd6180qz,indomit
yd9218wz,Shir0Yaksha
yd9g97wz,FlibidyDibidy
ydd2od0y,Burndi
yde1dq0m,Pretzel
yde6nowm,Burndi
yde6r00m,Nerphblaster
ydg6kpqy,Milenakos
ydgp33xy,LiamTrader
ydjv83vy,Porkchop7
ydqwgk0m,Porkchop7
ydr7xwjz,indomit
ydrg5gqz,FlibidyDibidy
ydrl7dwz,Porkchop7
ydrrd00z,Porkchop7
ydw557qm,Burndi
ydwk32jm,Burndi
yj2qo13m,thenoswearguy
yj2r25gm,Porkchop7
yj2re9dm,Jeffitus
yj3k90dz,indomit
yj43v93y,Burndi
yj4o70ny,LeKukie
yj56153m,Burndi
yj563wom,Burndi
yj628xdz,JeremyMKW
yjd1ro7y,Porkchop7
yjg87wgy,Burndi
yjge51oy,Burndi
yjllpqoz,Vireth
yl13653m,Burndi
yl1el5rm,Burndi
yl1j1rnm,Burndi
yl1r9dxm,Burndi
yl459jxm,Burndi
yl47rgkm,flix8k
yl4l03xm,Vireth
yl6893xy,Burndi
ylkv65nz,Vireth
yllr9pxy,kingofjohnnyboy
yln48vkz,Burndi
yln4nqxz,Porkchop7
ylq97nkz,Porkchop7
ylqn33nz,Burndi
yo3ve30y,FlibidyDibidy
yo4d6n1m,Aurel
yo7pqp7m,Cook I.T!
yod21q5m,Burndi
yojk8djm,AlexanderTG
yojq1n0m,LeKukie
yokvk37z,SoapAgent
yon9x20z,Burndi
yongg6jz,Burndi
yonw9vdz,Burndi
yoo2r20y,Burndi
yoo4vw5y,Burndi
yoojpgdy,Burndi
yopwdw7m,Burndi
yv0kpooz,Burndi
yv10e1ey,Burndi
yv14pe6y,Mizumaririn
yv16d6oy,Vireth
yv1g1w8y,Vireth
yv2n4w8m,Mizumaririn
yv38484z,FlibidyDibidy
yv9dknxz,Porkchop7
yv9jqk8z,FlibidyDibidy
yv9l4p4z,Gabri
yv9x956z,Burndi
yvgeljoy,Aurel
yvgro0xy,Nerphblaster
yvgv77xy,Burndi
yvjgqdxy,redapplefour
yvow4voz,providedmage16
yvp01kxy,Burndi
yvp3dgey,Burndi
yvp560xy,Vireth
yvp92jxy,Antimony
yvq8o96m,Burndi
yvvj156y,Porkchop7
yw01oq3m,FlibidyDibidy
yw0pkx3m,Scalpel
yw4p932z,Porkchop7
ywj39qnz,Burndi
ywjoq62z,Porkchop7
ywk5owny,Porkchop7
ywkldrpy,Burndi
ywkrl4ny,Vireth
ywq29e2y,Gibus Wearing Brony and Cook I.T!
ywqdeq3y,Burndi
ywqej93y,LeKukie
ywqp620y,Ezakt
ywrlqv2m,Burndi
ywrlro9m,WolfAeterni
ywrx242m,Porkchop7
ywvnnkpz,Milenakos
z01j2pey,Tomygood
z06od4oz,Aurel
z075dx4y,Burndi
z07dnl9y,villager gaming
z07dq4oy,MagicShaunson
z07j2v9y,Schnakos
z07kddoy,Nebula
z07r614y,Vireth
z0941q9z,Brain901
z09g778z,Schnakos
z09v5xez,periwinkle
z0e6rxjm,FlibidyDibidy
z0e8v4jm,Burndi
z0edppjm,FlibidyDibidy
z0j23roy,Vireth
z0j43x8y,Porkchop7
z0jgrpoy,Porkchop7
z0jod4ey,Porkchop7
z0jv2ney,Porkchop7
z0l46j8z,Schnakos
z0nvd14m,providedmage16
z0p2qj9y,Burndi
z0p5g8jy,Brain901
z0pkrk4y,Burndi
z0pql7ey,Burndi
z0r4x79z,JeremyMKW
z110459z,Porkchop7
z11wkprz,FlibidyDibidy
z133nv9m,indomit
z13ege7m,Vireth
z13govgm,Brain901
z159n9wy,Brain901
z15kwqgy,FlibidyDibidy
z18n7jry,FlibidyDibidy
z1g53k7z,Burndi
z1j8j57z,LeKukie
z1jg7v7z,Brain901
z1kdk6jy,seraphmiii
z1l6gdrm,Maximal20
z1o86e7m,providedmage16
z1qe3n9y,Maximal20
z1r76wrm,djpob
z1x9d2jm,Vireth
z1xqqg9m,Gorbatsjov and Miniland
z50n67gy,FlibidyDibidy
z50p2ney,flix8k
z50r14ey,Vireth
z51eke5m,Porkchop7
z538v05y,Porkchop7
z57pgwjm,periwinkle
z5d8l2nm,Schnakos
z5dv00nm,sullyrox
z5dx5kem,bruhmoment
z5eq9gnz,Porkchop7
z5je555m,Vireth
z5k5gqez,Maximal20
z5o96wgy,periwinkle
z5p2q1nm,Burndi
z5r2oley,Porkchop7
z5r4q6jy,indomit
z5rn12gy,Jeffitus
z5rp0gdy,SoapAgent
z5v4pxjm,Burndi
z5vnr0jm,Nebula
z5vwg1em,Porkchop7
z5x3qldy,yeabruh
zg27ee0y,Burndi
zg2x3eey,Brain901
zg87q5vy,Porkchop7
zge8prvy,Porkchop7
zgeoo2vy,Porkchop7
zgg0d2nz,indomit
zgg6q5vz,YouKnowJimbo
zgge5qnz,Burndi
zgk0r6dy,Burndi
zgn1px0y,Vireth
zgnlx9dy,FlibidyDibidy
zgp0qdjz,Burndi
zgqoeeey,Brain901
zgr6430m,Schnakos
zgrjx4dm,Burndi
zgv1g2nz,Vireth
zgwl3rny,Vireth
zgwn6jvy,Burndi
zn02w53y,Burndi
zn0ve73y,Shir0Yaksha
zn148v7m,FlibidyDibidy
zn3x747y,Miniland
zn7j033m,Burndi
zn7j249m,ArchieNash
zn7xqllm,thenoswearguy
zn85d99z,Burndi
zn869p9z,Burndi
zn896p7z,Brain901
zn8lwj7z,Burndi
zne4vxlz,Burndi
zne84q8z,Burndi
znjj8x9m,Schnakos
znkgpjlz,Porkchop7
znkkk07z,Niftski
znkw0w9z,Burndi
znq07nvz,.happyplays
znv1397m,Burndi
znv5qo3m,Burndi
znv7q57m,EbbDrop
zp01xqnm,Vireth
zp12v68z,LeKukie
zp1dg5vz,Burndi
zp1e06gz,FlibidyDibidy
zp1kx08z,Nebula
zp1q488z,Vireth
zp4pnkgz,Vireth
zp83ok8y,Schnakos
zp88v6ry,Burndi
zp89vgry,Burndi
zpd95o8z,Milenakos
zpdervgz,Brain901
zpdg108z,Burndi
zpdpo6gz,Burndi
zpglv9vz,Brain901
zpq9v18y,Burndi
zpqo8p8y,Maximal20
zpw5o98y,Brain901
zpw6rlgy,Burndi
zpwn9qgy,Jeffitus
zq0o8l8y,Burndi
zq3901ry,Burndi
zq3g8g8y,LeKukie
zq42ndrm,Mizumaririn
zq4j789m,Porkchop7
zq942q8y,Jeffitus
zqdr871m,Porkchop7
zqe2jr8z,Burndi
zqel81xz,Schnakos
zqgqjx8m,Schnakos
zqgv818m,Porkchop7
zqgxj79m,Bismuth
zqr6q85y,Vireth
zqrpoq1y,indomit
zqv9l5xm,Giffi
zqve5g9m,FlibidyDibidy
zqvev35m,Porkchop7
zqvvgw5m,Brain901
zqvw3erm,Burndi
zqw4541z,FlibidyDibidy
zqw7ql1z,Milenakos
zqwww4xz,indomit
zx4xdqqy,zsjetu9
zx60djqz,indomit
zx623pez,Burndi
zx7dlnqy,Porkchop7
zx8262gm,Lowidelime
zx8gq6km,Burndi
zxk145km,Porkchop7
zxkkw68m,FlibidyDibidy
zxkq16qm,Porkchop7
zxkqv68m,Burndi
zxldj4ez,Burndi
zxn27dkm,Burndi
zxn936em,Burndi
zxodxggz,Kuto
zxv4pogy,Burndi
zxv9v3ky,nasa 109
zxw94j5m,AStrongGuy
